"Date","TotalLines"
"2023-04-01",0
"2023-04-02",755970
"2023-04-03",129
"2023-04-05",312
"2023-04-06",276
"2023-04-07",76
"2023-04-08",395
"2023-04-09",655
"2023-04-10",398
"2023-04-11",436
"2023-04-12",788
"2023-04-13",839
"2023-04-14",683
"2023-04-15",157
"2023-04-16",176
"2023-04-17",812
"2023-04-19",185
"2023-04-20",1355
"2023-04-21",86
"2023-04-23",460
"2023-04-24",178
"2023-04-27",475
"2023-04-28",13
"2023-04-30",316
"2023-05-01",838
"2023-05-04",132
"2023-05-05",502
"2023-05-07",16
"2023-05-12",71
"2023-05-13",229
"2023-05-15",619
"2023-05-16",43
"2023-05-19",164
"2023-05-22",123
"2023-05-25",7100
"2023-05-26",952
"2023-05-29",13877
"2023-05-30",444
"2023-05-31",247
"2023-06-01",173
"2023-06-05",1250
"2023-06-06",208
"2023-06-07",398
"2023-06-09",350
"2023-06-13",2137
"2023-06-19",1745
"2023-06-20",246
"2023-06-21",661
"2023-06-23",2461
"2023-06-28",9136
"2023-06-30",565
"2023-07-01",86
"2023-07-02",1531
"2023-07-03",252
"2023-07-04",248
"2023-07-05",191
"2023-07-07",154
"2023-07-09",302
"2023-07-10",4
"2023-07-12",405
"2023-07-14",1953
"2023-07-15",660
"2023-07-16",241
"2023-07-19",300
"2023-07-21",599
"2023-07-22",261
"2023-07-23",202
"2023-07-24",342
"2023-07-25",272
"2023-07-26",767
"2023-07-27",257
"2023-07-28",646
"2023-07-29",456
"2023-08-01",804
"2023-08-07",119
"2023-08-16",24
"2023-08-29",64
"2023-09-06",221
"2023-09-07",53
"2023-09-10",166
"2023-09-11",68
"2023-09-13",38
"2023-09-16",1209
"2023-09-17",207
"2023-09-18",57
"2023-09-19",59
"2023-10-02",4260
"2023-10-03",99
"2023-10-05",98
"2023-10-06",218
"2023-10-08",612
"2023-10-09",3
"2023-10-10",0
"2023-10-11",0
"2023-10-30",2187
"2023-11-01",0
"2024-04-07",4
"2024-04-08",407
"2024-04-09",110
"2024-04-10",140
"2024-04-27",90
"2024-05-12",1246
"2024-05-13",18
"2024-08-02",1611
"2024-08-07",4132
"2024-08-08",441
"2024-08-09",517
"2024-08-10",537
"2024-08-11",458
"2024-08-12",298
"2024-08-20",2140
"2024-08-21",546
"2024-08-23",190
"2024-08-24",149793
"2024-08-25",2228
"2024-08-26",923
"2024-08-27",478
"2024-08-28",451
"2024-08-29",597
"2024-08-31",428
"2024-09-02",525
"2024-09-03",263
"2024-09-04",142
"2024-09-05",254
"2024-09-06",214
"2024-09-17",5806
"2024-09-18",384
"2024-09-22",594
"2024-09-23",826
"2024-09-24",71
"2024-09-25",114
"2024-09-27",318
"2024-10-05",667
"2024-10-07",207
"2024-10-08",435
"2024-10-09",82
"2024-10-11",117
"2024-10-16",734
"2024-10-19",48
"2024-10-20",110
"2024-10-23",757
"2024-10-24",188
"2024-11-25",833
"2024-12-01",300
"2024-12-02",117
"2024-12-04",239
"2024-12-08",604
"2024-12-10",1229
"2024-12-13",375
"2024-12-14",1324
"2024-12-15",296
"2024-12-17",481
"2024-12-18",461
"2024-12-19",86
"2024-12-21",528
"2024-12-23",7
"2024-12-26",123
"2024-12-27",114
"2024-12-28",549
"2024-12-29",341
"2025-01-04",285
"2025-01-05",388
"2025-01-06",246
"2025-01-20",6686
"2025-01-24",246
"2025-01-26",235
"2025-01-27",77
"2025-01-28",158
"2025-01-29",103
"2025-02-04",670
"2025-02-07",292
"2025-02-22",1229
"2025-03-01",442
"2025-03-04",72
"2025-04-04",740
"2025-04-21",928
"2025-05-05",1093
"2025-05-06",1052
"2025-05-07",16987
"2025-05-09",322
"2025-05-12",628
"2025-05-14",1833
"2025-05-15",772
"2025-05-18",1764
"2025-05-24",144
"2025-05-29",1668
"2025-05-30",14
"2025-05-31",378
"2025-06-04",424
"2025-06-05",773
"2025-06-11",763
"2025-06-12",5
"2025-06-14",824
"2025-06-18",1159
"2025-06-19",5304
"2025-06-20",1291
"2025-06-21",3559
"2025-06-22",3994
"2025-06-26",2883
"2025-06-27",3385
